Sentiment,Proportion
Positive,0.7544252288911495
Negative,0.17151576805696847
Neutral,0.074059003051882
