Sentiment,Proportion
Positive,0.914456834390638
Negative,0.0518538949525198
Neutral,0.03368927065684227
