Sentiment,Proportion
Positive,0.8584994190723032
Negative,0.06803557064974529
Neutral,0.07346501027795156
