Sentiment,Proportion
Positive,0.7813655371456861
Negative,0.11446538230616093
Neutral,0.10416908054815299
