Sentiment,Proportion
Positive,0.6598326499316598
Negative,0.10827749441610827
Neutral,0.23188985565223189
